{
  "overall": {
    "accuracy": 0.9983628976711221,
    "precision": 0.9972101954674735,
    "recall": 0.9998183700528543,
    "f1": 0.9985125795860618,
    "roc_auc": 0.9998648646222478,
    "recall_AI": 0.9965868794326241,
    "recall_Real": 0.9998183700528543
  },
  "per_folder": {
    "AI_Diffusion": {
      "accuracy": 0.9962,
      "precision": 0.0,
      "recall": 0.0,
      "f1": 0.0,
      "roc_auc": NaN,
      "recall_AI": 0.9962,
      "recall_Real": NaN
    },
    "AI_Firefly": {
      "accuracy": 0.625,
      "precision": 0.0,
      "recall": 0.0,
      "f1": 0.0,
      "roc_auc": NaN,
      "recall_AI": 0.625,
      "recall_Real": NaN
    },
    "AI_GAN": {
      "accuracy": 0.9984666666666666,
      "precision": 0.0,
      "recall": 0.0,
      "f1": 0.0,
      "roc_auc": NaN,
      "recall_AI": 0.9984666666666666,
      "recall_Real": NaN
    },
    "AI_Midjourney": {
      "accuracy": 0.9980666666666667,
      "precision": 0.0,
      "recall": 0.0,
      "f1": 0.0,
      "roc_auc": NaN,
      "recall_AI": 0.9980666666666667,
      "recall_Real": NaN
    },
    "Real_ImageNet": {
      "accuracy": 0.9997783687943262,
      "precision": 1.0,
      "recall": 0.9997783687943262,
      "f1": 0.9998891721157043,
      "roc_auc": NaN,
      "recall_AI": NaN,
      "recall_Real": 0.9997783687943262
    },
    "Real_SCMI30": {
      "accuracy": 0.9996980980175103,
      "precision": 1.0,
      "recall": 0.9996980980175103,
      "f1": 0.9998490262191133,
      "roc_auc": NaN,
      "recall_AI": NaN,
      "recall_Real": 0.9996980980175103
    },
    "Real_VISION": {
      "accuracy": 0.9999113475177305,
      "precision": 1.0,
      "recall": 0.9999113475177305,
      "f1": 0.9999556717939625,
      "roc_auc": NaN,
      "recall_AI": NaN,
      "recall_Real": 0.9999113475177305
    }
  }
}